,CHF1,EUR1,USD1,EUR2,USD2
2014-01-13,,1.36335,1,1.36335,1
2014-01-14,1.10613368,1.3615,1,1.3615,1
2014-01-15,1.09975918,1.35772,1,1.35772,1
2014-01-16,1.09741781,1.3604,1,1.3604,1
2014-01-17,1.10248119,1.36663,1,1.36663,1
2014-01-18,1.10797227,1.36674,1,1.36674,1
2014-01-19,1.10786144,1.3669,1,1.3669,1
2014-01-20,1.10871507,1.36665,1,1.36665,1
2014-01-21,1.11181529,1.3674,1,1.3674,1
2014-01-22,1.10780005,1.36035,1,1.36035,1
2014-01-23,1.10033397,1.36151,1,1.36151,1
2014-01-24,1.10522887,1.35377,1,1.35377,1
2014-01-25,1.09847917,1.35357,1,1.35357,1
2014-01-26,1.0981409,1.353275,1,1.353275,1
2014-01-27,1.09757442,1.35585,1,1.35585,1
2014-01-28,1.09853907,1.3558,1,1.3558,1
2014-01-29,1.0982376,1.3548,1,1.3548,1
2014-01-30,1.09698445,1.369225,1,1.369225,1
2014-01-31,1.11414407,1.36783,1,1.36783,1
2014-02-01,1.11796804,1.36776,1,1.36776,1
2014-02-02,1.11795554,1.36803,1,1.36803,1
2014-02-03,1.11888113,1.367135,1,1.367135,1
2014-02-04,1.11590333,1.365275,1,1.365275,1
2014-02-05,1.11137049,1.3664,1,1.3664,1
2014-02-06,1.11819323,1.35519,1,1.35519,1
2014-02-07,1.10789824,1.3492,1,1.3492,1
2014-02-08,1.10332659,1.34894,1,1.34894,1
2014-02-09,1.10326572,1.3486,1,1.3486,1
2014-02-10,1.10308315,1.3527,1,1.3527,1
2014-02-11,1.10976094,1.35139,1,1.35139,1
2014-02-12,1.10643951,1.353565,1,1.353565,1
2014-02-13,1.10643982,1.35915,1,1.35915,1
2014-02-14,1.1099888,1.3636,1,1.3636,1
2014-02-15,1.1132139,1.36339,1,1.36339,1
2014-02-16,1.11377185,1.36215,1,1.36215,1
2014-02-17,1.11302808,1.3643,1,1.3643,1
2014-02-18,1.1148086,1.36387,1,1.36387,1
2014-02-19,1.113344,1.35958,1,1.35958,1
2014-02-20,1.11067303,1.367935,1,1.367935,1
2014-02-21,1.11938239,1.36928,1,1.36928,1
2014-02-22,1.12032271,1.36946,1,1.36946,1
2014-02-23,1.12053612,1.37005,1,1.37005,1
2014-02-24,1.12112027,1.37067,1,1.37067,1
2014-02-25,1.12180568,1.37593,1,1.37593,1
2014-02-26,1.12613882,1.373405,1,1.373405,1
2014-02-27,1.12519481,1.371785,1,1.371785,1
2014-02-28,1.12403755,1.3739,1,1.3739,1
2014-03-01,1.12676062,1.37384,1,1.37384,1
2014-03-02,1.12646869,1.37375,1,1.37375,1
2014-03-03,1.12691295,1.37335,1,1.37335,1
2014-03-04,1.12485941,1.37456,1,1.37456,1
2014-03-05,1.1276373,1.36851,1,1.36851,1
2014-03-06,1.12278811,1.37095,1,1.37095,1
2014-03-07,1.12574586,1.38027,1,1.38027,1
2014-03-08,1.13610549,1.38029,1,1.38029,1
2014-03-09,1.13664786,1.377385,1,1.377385,1
2014-03-10,1.13675122,1.373675,1,1.373675,1
2014-03-11,1.1325221,1.37404,1,1.37404,1
2014-03-12,1.12675425,1.373625,1,1.373625,1
2014-03-13,1.12728771,1.386075,1,1.386075,1
2014-03-14,1.13629937,1.38747,1,1.38747,1
2014-03-15,1.13918577,1.38751,1,1.38751,1
2014-03-16,1.13882252,1.38755,1,1.38755,1
2014-03-17,1.13908842,1.38767,1,1.38767,1
2014-03-18,1.13927657,1.3859,1,1.3859,1
2014-03-19,1.13913383,1.39015,1,1.39015,1
2014-03-20,1.144165,1.3868,1,1.3868,1
2014-03-21,1.14311867,1.39113,1,1.39113,1
2014-03-22,1.1460006,1.39111,1,1.39111,1
2014-03-23,1.14600052,1.390455,1,1.390455,1
2014-03-24,1.14568536,1.39266,1,1.39266,1
2014-03-25,1.14488523,1.393055,1,1.393055,1
2014-03-26,1.14508212,1.3823,1,1.3823,1
2014-03-27,1.13417286,1.3778,1,1.3778,1
2014-03-28,1.13160598,1.37939,1,1.37939,1
2014-03-29,1.13275954,1.37936,1,1.37936,1
2014-03-30,1.13275946,1.379065,1,1.379065,1
2014-03-31,1.13282357,1.383715,1,1.383715,1
2014-04-01,1.13542823,1.382645,1,1.382645,1
2014-04-02,1.13282357,1.378865,1,1.378865,1
2014-04-03,1.13005846,1.374305,1,1.374305,1
2014-04-04,1.12792981,1.37528,1,1.37528,1
2014-04-05,1.1273322,1.37525,1,1.37525,1
2014-04-06,1.12733223,1.37537,1,1.37537,1
2014-04-07,1.12757369,1.377545,1,1.377545,1
2014-04-08,1.131094,1.37931,1,1.37931,1
2014-04-09,1.13174025,1.376585,1,1.376585,1
2014-04-10,1.12763728,1.37175,1,1.37175,1
2014-04-11,1.1220826,1.37068,1,1.37068,1
2014-04-12,1.12076218,1.37034,1,1.37034,1
2014-04-13,1.1209255,1.36993,1,1.36993,1
2014-04-14,1.12044841,1.37425,1,1.37425,1
2014-04-15,1.12636716,1.3794,1,1.3794,1
2014-04-16,1.13175304,1.38518,1,1.38518,1
2014-04-17,1.13664136,1.38865,1,1.38865,1
2014-04-18,1.14090155,1.38852,1,1.38852,1
2014-04-19,1.14156561,1.38863,1,1.38863,1
2014-04-20,1.14173504,1.385315,1,1.385315,1
2014-04-21,1.13999094,1.3821,1,1.3821,1
2014-04-22,1.13652509,1.381375,1,1.381375,1
2014-04-23,1.13610567,1.381565,1,1.381565,1
2014-04-24,1.13405687,1.381355,1,1.381355,1
2014-04-25,1.13245156,1.38134,1,1.38134,1
2014-04-26,1.13179816,1.38126,1,1.38126,1
2014-04-27,1.13186215,1.38158,1,1.38158,1
2014-04-28,1.13211821,1.37926,1,1.37926,1
2014-04-29,1.12990523,1.38045,1,1.38045,1
2014-04-30,1.13000736,1.3818,1,1.3818,1
2014-05-01,1.13179795,1.38317,1,1.38317,1
2014-05-02,1.13415333,1.38345,1,1.38345,1
2014-05-03,1.13417356,1.38342,1,1.38342,1
2014-05-04,1.1343528,1.38413,1,1.38413,1
2014-05-05,1.13533175,1.38505,1,1.38505,1
2014-05-06,1.13592479,1.38124,1,1.38124,1
2014-05-07,1.13155458,1.386555,1,1.386555,1
2014-05-08,1.13607962,1.38664,1,1.38664,1
2014-05-09,1.13720392,1.38704,1,1.38704,1
2014-05-10,1.13908192,1.38712,1,1.38712,1
2014-05-11,1.13888737,1.38726,1,1.38726,1
2014-05-12,1.13941287,1.38755,1,1.38755,1
2014-05-13,1.13908214,1.39265,1,1.39265,1
2014-05-14,1.14364139,1.39117,1,1.39117,1
2014-05-15,1.14142245,1.38375,1,1.38375,1
2014-05-16,1.13598285,1.3758,1,1.3758,1
2014-05-17,1.12809527,1.37579,1,1.37579,1
2014-05-18,1.12805709,1.37579,1,1.37579,1
2014-05-19,1.12790459,1.375835,1,1.375835,1
2014-05-20,1.12641157,1.37041,1,1.37041,1
2014-05-21,1.12340635,1.371425,1,1.371425,1
2014-05-22,1.12380388,1.37105,1,1.37105,1
2014-05-23,1.12237225,1.36943,1,1.36943,1
2014-05-24,1.12044959,1.3696,1,1.3696,1
2014-05-25,1.12049846,1.36975,1,1.36975,1
2014-05-26,1.12078098,1.37091,1,1.37091,1
2014-05-27,1.12066793,1.36985,1,1.36985,1
2014-05-28,1.12097573,1.36859,1,1.36859,1
2014-05-29,1.11939466,1.365595,1,1.365595,1
2014-05-30,1.11813049,1.36295,1,1.36295,1
2014-05-31,1.11653255,1.36303,1,1.36303,1
2014-06-01,1.11652009,1.36247,1,1.36247,1
2014-06-02,1.11632067,1.364415,1,1.364415,1
2014-06-03,1.11751824,1.3635,1,1.3635,1
2014-06-04,1.11510692,1.35937,1,1.35937,1
2014-06-05,1.11317669,1.36024,1,1.36024,1
2014-06-06,1.11377181,1.3635,1,1.3635,1
2014-06-07,1.11738165,1.36335,1,1.36335,1
2014-06-08,1.11693162,1.3634,1,1.3634,1
2014-06-09,1.11706883,1.35981,1,1.35981,1
2014-06-10,1.11284223,1.363,1,1.363,1
2014-06-11,1.11551744,1.3601,1,1.3601,1
2014-06-12,1.11457882,1.36633,1,1.36633,1
2014-06-13,1.12176808,1.3642,1,1.3642,1
2014-06-14,1.11906899,1.36433,1,1.36433,1
2014-06-15,1.11910656,1.36452,1,1.36452,1
2014-06-16,1.11982089,1.359265,1,1.359265,1
2014-06-17,1.11461597,1.353985,1,1.353985,1
2014-06-18,1.11155575,1.35358,1,1.35358,1
2014-06-19,1.11172896,1.355,1,1.355,1
2014-06-20,1.11296628,1.3533,1,1.3533,1
2014-06-21,1.11086431,1.35398,1,1.35398,1
2014-06-22,1.11087665,1.35387,1,1.35387,1
2014-06-23,1.11104942,1.3572,1,1.3572,1
2014-06-24,1.11447932,1.3547,1,1.3547,1
2014-06-25,1.11180291,1.359,1,1.359,1
2014-06-26,1.11564811,1.36075,1,1.36075,1
2014-06-27,1.11838059,1.35998,1,1.35998,1
2014-06-28,1.11763141,1.35987,1,1.35987,1
2014-06-29,1.11763141,1.35921,1,1.35921,1
2014-06-30,1.11675694,1.36035,1,1.36035,1
2014-07-01,1.11825553,1.3604,1,1.3604,1
2014-07-02,1.11852445,1.363,1,1.363,1
2014-07-03,1.12011562,1.36124,1,1.36124,1
2014-07-04,1.119094,1.36486,1,1.36486,1
2014-07-05,1.12233481,1.36481,1,1.36481,1
2014-07-06,1.12243529,1.364395,1,1.364395,1
2014-07-07,1.1222463,1.3694,1,1.3694,1
2014-07-08,1.12773903,1.36788,1,1.36788,1
2014-07-09,1.12676058,1.365725,1,1.365725,1
2014-07-10,1.12491635,1.360915,1,1.360915,1
2014-07-11,1.11935706,1.35943,1,1.35943,1
2014-07-12,1.11805553,1.35944,1,1.35944,1
2014-07-13,1.11814305,1.35935,1,1.35935,1
2014-07-14,1.1180055,1.360585,1,1.360585,1
2014-07-15,1.11931945,1.36116,1,1.36116,1
2014-07-16,1.11989611,1.3641,1,1.3641,1
2014-07-17,1.12229669,1.360745,1,1.360745,1
2014-07-18,1.12040427,1.36075,1,1.36075,1
2014-07-19,1.12079986,1.36077,1,1.36077,1
2014-07-20,1.1208878,1.360685,1,1.360685,1
2014-07-21,1.12094432,1.361985,1,1.361985,1
2014-07-22,1.12129624,1.35685,1,1.35685,1
2014-07-23,1.11644529,1.3527,1,1.3527,1
2014-07-24,1.11320767,1.3527,1,1.3527,1
2014-07-25,1.11414406,1.35256,1,1.35256,1
2014-07-26,1.11301566,1.35245,1,1.35245,1
2014-07-27,1.11306522,1.353035,1,1.353035,1
2014-07-28,1.11387105,1.35235,1,1.35235,1
2014-07-29,1.11343698,1.3467,1,1.3467,1
2014-07-30,1.10778797,1.3464,1,1.3464,1
2014-07-31,1.10821744,1.346415,1,1.346415,1
2014-08-01,1.1079107,1.34355,1,1.34355,1
2014-08-02,1.10478943,1.34306,1,1.34306,1
2014-08-03,1.10527776,1.342945,1,1.342945,1
2014-08-04,1.10530827,1.343955,1,1.343955,1
2014-08-05,1.10618857,1.341,1,1.341,1
2014-08-06,1.10253605,1.3396,1,1.3396,1
2014-08-07,1.10044295,1.33885,1,1.33885,1
2014-08-08,1.10024321,1.3431,1,1.3431,1
2014-08-09,1.10381373,1.34275,1,1.34275,1
2014-08-10,1.10378936,1.34285,1,1.34285,1
2014-08-11,1.103899,1.342285,1,1.342285,1
2014-08-12,1.10288848,1.3372,1,1.3372,1
2014-08-13,1.09968675,1.3382,1,1.3382,1
2014-08-14,1.10198926,1.33612,1,1.33612,1
2014-08-15,1.10004959,1.340475,1,1.340475,1
2014-08-16,1.10453306,1.34112,1,1.34112,1
2014-08-17,1.10447206,1.3407,1,1.3407,1
2014-08-18,1.10414282,1.338425,1,1.338425,1
2014-08-19,1.10296154,1.3368,1,1.3368,1
2014-08-20,1.10187983,1.3363,1,1.3363,1
2014-08-21,1.10179485,1.33645,1,1.33645,1
2014-08-22,1.10300406,1.3399,1,1.3399,1
2014-08-23,1.10772716,1.33987,1,1.33987,1
2014-08-24,1.10786144,1.339215,1,1.339215,1
2014-08-25,1.10674564,1.336195,1,1.336195,1
2014-08-26,1.10299796,1.3318,1,1.3318,1
2014-08-27,1.09961406,1.32577,1,1.32577,1
2014-08-28,1.09462486,1.3282,1,1.3282,1
2014-08-29,1.09715289,1.32441,1,1.32441,1
2014-08-30,1.09425957,1.32425,1,1.32425,1
2014-08-31,1.09431944,1.319,1,1.319,1
2014-09-01,1.08968669,1.31916,1,1.31916,1
2014-09-02,1.09206077,1.31911,1,1.31911,1
2014-09-03,1.09120273,1.319205,1,1.319205,1
2014-09-04,1.09283049,1.3185,1,1.3185,1
2014-09-05,1.0927708,1.31361,1,1.31361,1
2014-09-06,1.08906368,1.31361,1,1.31361,1
2014-09-07,1.08906368,1.31269,1,1.31269,1
2014-09-08,1.0881393,1.313115,1,1.313115,1
2014-09-09,1.08760083,1.3131,1,1.3131,1
2014-09-10,1.08767773,1.314815,1,1.314815,1
2014-09-11,1.08939584,1.293005,1,1.293005,1
2014-09-12,1.07196073,1.29517,1,1.29517,1
2014-09-13,1.07388322,1.29517,1,1.29517,1
2014-09-14,1.07388322,1.2952,1,1.2952,1
2014-09-15,1.07394091,1.28913,1,1.28913,1
2014-09-16,1.06811362,1.294105,1,1.294105,1
2014-09-17,1.07243207,1.29166,1,1.29166,1
2014-09-18,1.06736119,1.292255,1,1.292255,1
2014-09-19,1.06823913,1.29595,1,1.29595,1
2014-09-20,1.07114553,1.29595,1,1.29595,1
2014-09-21,1.07114553,1.29597,1,1.29597,1
2014-09-22,1.07091609,1.293855,1,1.293855,1
2014-09-23,1.06894728,1.2958,1,1.2958,1
2014-09-24,1.0720814,1.284895,1,1.284895,1
2014-09-25,1.06114309,1.29204,1,1.29204,1
2014-09-26,1.07021123,1.2831,1,1.2831,1
2014-09-27,1.06299301,1.2831,1,1.2831,1
2014-09-28,1.06299301,1.283995,1,1.283995,1
2014-09-29,1.06346777,1.28503,1,1.28503,1
2014-09-30,1.06390336,1.2849,1,1.2849,1
2014-10-01,1.06420342,1.277695,1,1.277695,1
2014-10-02,1.05709364,1.27552,1,1.27552,1
2014-10-03,1.05635663,1.26841,1,1.26841,1
2014-10-04,1.05102743,1.26841,1,1.26841,1
2014-10-05,1.05102743,1.267545,1,1.267545,1
2014-10-06,1.05023815,1.26902,1,1.26902,1
2014-10-07,1.05143626,1.26281,1,1.26281,1
2014-10-08,1.04703272,1.26215,1,1.26215,1
2014-10-09,1.04569714,1.266825,1,1.266825,1
2014-10-10,1.04808072,1.25149,1,1.25149,1
2014-10-11,1.03361314,1.25149,1,1.25149,1
2014-10-12,1.03361314,1.2513,1,1.2513,1
2014-10-13,1.03321809,1.26436,1,1.26436,1
2014-10-14,1.04260067,1.26654,1,1.26654,1
2014-10-15,1.0447465,1.27408,1,1.27408,1
2014-10-16,1.05087278,1.268805,1,1.268805,1
2014-10-17,1.04792147,1.26256,1,1.26256,1
2014-10-18,1.04451738,1.26256,1,1.26256,1
2014-10-19,1.04451738,1.26397,1,1.26397,1
2014-10-20,1.04569696,1.272165,1,1.272165,1
2014-10-21,1.05259282,1.26414,1,1.26414,1
2014-10-22,1.04693955,1.282045,1,1.282045,1
2014-10-23,1.06195442,1.28044,1,1.28044,1
2014-10-24,1.06056911,1.27601,1,1.27601,1
2014-10-25,1.05680322,1.27601,1,1.27601,1
2014-10-26,1.05680322,1.27476,1,1.27476,1
2014-10-27,1.05581014,1.27943,1,1.27943,1
2014-10-28,1.06020929,1.271375,1,1.271375,1
2014-10-29,1.05327464,1.26414,1,1.26414,1
2014-10-30,1.04798186,1.264945,1,1.264945,1
2014-10-31,1.04827848,1.26697,1,1.26697,1
2014-11-01,1.05037608,1.26697,1,1.26697,1
2014-11-02,1.05037608,1.267605,1,1.267605,1
2014-11-03,1.05047542,1.270235,1,1.270235,1
2014-11-04,1.05362978,1.27372,1,1.27372,1
2014-11-05,1.0562339,1.263185,1,1.263185,1
2014-11-06,1.04712061,1.26092,1,1.26092,1
2014-11-07,1.04578993,1.2524,1,1.2524,1
2014-11-08,1.03842165,1.2524,1,1.2524,1
2014-11-09,1.03842165,1.25021,1,1.25021,1
2014-11-10,1.03678516,1.24924,1,1.24924,1
2014-11-11,1.03631776,1.255165,1,1.255165,1
2014-11-12,1.04222578,1.247755,1,1.247755,1
2014-11-13,1.0366938,1.238035,1,1.238035,1
2014-11-14,1.02778621,1.24505,1,1.24505,1
2014-11-15,1.03476826,1.24534,1,1.24534,1
2014-11-16,1.03503601,1.246035,1,1.246035,1
2014-11-17,1.03583472,1.242595,1,1.242595,1
2014-11-18,1.03303653,1.24758,1,1.24758,1
2014-11-19,1.03675827,1.242995,1,1.242995,1
2014-11-20,1.0339551,1.247355,1,1.247355,1
2014-11-21,1.03761889,1.25214,1,1.25214,1
2014-11-22,1.04240508,1.25228,1,1.25228,1
2014-11-23,1.04262245,1.252135,1,1.252135,1
2014-11-24,1.04220959,1.245,1,1.245,1
2014-11-25,1.03630167,1.25323,1,1.25323,1
2014-11-26,1.04307936,1.25401,1,1.25401,1
2014-11-27,1.04367795,1.25432,1,1.25432,1
2014-11-28,1.0433567,1.23909,1,1.23909,1
2014-11-29,1.03117239,1.23904,1,1.23904,1
2014-11-30,1.03118302,1.237185,1,1.237185,1
2014-12-01,1.02906599,1.243395,1,1.243395,1
2014-12-02,1.03391235,1.24796,1,1.24796,1
2014-12-03,1.03777503,1.2505,1,1.2505,1
2014-12-04,1.04031751,1.24599,1,1.24599,1
2014-12-05,1.0366508,1.24484,1,1.24484,1
2014-12-06,1.03626948,1.24482,1,1.24482,1
2014-12-07,1.03562557,1.243675,1,1.243675,1
2014-12-08,1.03323932,1.24702,1,1.24702,1
2014-12-09,1.03653797,1.23877,1,1.23877,1
2014-12-10,1.02881719,1.23142,1,1.23142,1
2014-12-11,1.02327962,1.23859,1,1.23859,1
2014-12-12,1.02954813,1.2286,1,1.2286,1
2014-12-13,1.02181598,1.2286,1,1.2286,1
2014-12-14,1.02181598,1.229415,1,1.229415,1
2014-12-15,1.02150276,1.2315,1,1.2315,1
2014-12-16,1.02448537,1.23882,1,1.23882,1
2014-12-17,1.03034893,1.2481,1,1.2481,1
2014-12-18,1.03739828,1.23933,1,1.23933,1
2014-12-19,1.03183209,1.24635,1,1.24635,1
2014-12-20,1.03757599,1.24635,1,1.24635,1
2014-12-21,1.03757599,1.246405,1,1.246405,1
2014-12-22,1.03751123,1.244035,1,1.244035,1
2014-12-23,1.03600111,1.25109,1,1.25109,1
2014-12-24,1.04174263,1.23371,1,1.23371,1
2014-12-25,1.02726886,1.22905,1,1.22905,1
2014-12-26,1.02060605,1.22295,1,1.22295,1
2014-12-27,1.01623967,1.22295,1,1.22295,1
2014-12-28,1.01623967,1.22247,1,1.22247,1
2014-12-29,1.01572856,1.222325,1,1.222325,1
2014-12-30,1.01581627,1.217525,1,1.217525,1
2014-12-31,1.01250446,1.219145,1,1.219145,1
2015-01-01,1.01385442,1.22084,1,1.22084,1
2015-01-02,1.01512024,1.22025,1,1.22025,1
2015-01-03,1.01208441,1.22025,1,1.22025,1
2015-01-04,1.01208441,1.2169,1,1.2169,1
2015-01-05,1.01178733,1.215355,1,1.215355,1
2015-01-06,1.01036126,1.216175,1,1.216175,1
2015-01-07,1.01142915,1.21035,1,1.21035,1
2015-01-08,1.00510196,1.20872,1,1.20872,1
2015-01-09,1.00550515,1.2002,1,1.2002,1
2015-01-10,0.99825312,1.2002,1,1.2002,1
2015-01-11,0.99825312,1.1946,1,1.1946,1
2015-01-12,0.99414944,1.193775,1,1.193775,1
2015-01-13,0.99369013,1.187235,1,1.187235,1
2015-01-14,0.98867968,1.185355,1,1.185355,1
2015-01-15,0.98561014,1.178895,1,1.178895,1
2015-01-16,0.98179748,1.181005,1,1.181005,1
2015-01-17,0.98357915,1.18435,1,1.18435,1
2015-01-18,0.98599897,1.1868,1,1.1868,1
2015-01-19,0.98819118,1.1832,1,1.1832,1
2015-01-20,0.98522172,1.17774,1,1.17774,1
2015-01-21,0.98069502,1.178415,1,1.178415,1
2015-01-22,0.98127723,1.163635,1,1.163635,1
2015-01-23,1.17009749,1.1561,1,1.1561,1
2015-01-24,1.16462613,1.1561,1,1.1561,1
2015-01-25,1.16462613,1.15634,1,1.15634,1
2015-01-26,1.16539935,1.159545,1,1.159545,1
2015-01-27,1.13648013,1.154565,1,1.154565,1
2015-01-28,1.14330151,1.16164,1,1.16164,1
2015-01-29,1.16193957,1.13468,1,1.13468,1
2015-01-30,1.14688112,1.12065,1,1.12065,1
2015-01-31,1.13508385,1.12065,1,1.12065,1
2015-02-01,1.13508385,1.11376,1,1.11376,1
2015-02-02,1.13464895,1.124955,1,1.124955,1
2015-02-03,1.10947778,1.136825,1,1.136825,1
2015-02-04,1.11192038,1.128335,1,1.128335,1
2015-02-05,1.10277934,1.133475,1,1.133475,1
2015-02-06,1.08387578,1.1285,1,1.1285,1
2015-02-07,1.08560565,1.1285,1,1.1285,1
2015-02-08,1.08560565,1.130765,1,1.130765,1
2015-02-09,1.08518752,1.1339,1,1.1339,1
2015-02-10,1.07828369,1.1458,1,1.1458,1
2015-02-11,1.08109281,1.131685,1,1.131685,1
2015-02-12,1.07972714,1.14707,1,1.14707,1
2015-02-13,1.08432238,1.1315,1,1.1315,1
2015-02-14,1.07891904,1.1315,1,1.1315,1
2015-02-15,1.07891904,1.1314,1,1.1314,1
2015-02-16,1.07949404,1.13264,1,1.13264,1
2015-02-17,1.08143213,1.13186,1,1.13186,1
2015-02-18,1.07903391,1.1311,1,1.1311,1
2015-02-19,1.07654246,1.14039,1,1.14039,1
2015-02-20,1.07492238,1.139,1,1.139,1
2015-02-21,1.072537,1.139,1,1.139,1
2015-02-22,1.072537,1.13976,1,1.13976,1
2015-02-23,1.07304778,1.13323,1,1.13323,1
2015-02-24,1.07198378,1.14041,1,1.14041,1
2015-02-25,1.06791406,1.13997,1,1.13997,1
2015-02-26,1.06150357,1.13659,1,1.13659,1
2015-02-27,1.05311939,1.13845,1,1.13845,1
2015-02-28,1.06587723,1.13845,1,1.13845,1
2015-03-01,1.06587723,1.138045,1,1.138045,1
2015-03-02,1.06303822,1.13329,1,1.13329,1
2015-03-03,1.05149156,1.133935,1,1.133935,1
2015-03-04,1.052399,1.136395,1,1.136395,1
2015-03-05,1.05379638,1.120245,1,1.120245,1
2015-03-06,1.04958228,1.11965,1,1.11965,1
2015-03-07,1.04864779,1.11965,1,1.11965,1
2015-03-08,1.04864779,1.11607,1,1.11607,1
2015-03-09,1.0477019,1.11767,1,1.11767,1
2015-03-10,1.04303023,1.11825,1,1.11825,1
2015-03-11,1.04065854,1.10793,1,1.10793,1
2015-03-12,1.03780733,1.103165,1,1.103165,1
2015-03-13,1.02695771,1.08435,1,1.08435,1
2015-03-14,1.01433284,1.08435,1,1.08435,1
2015-03-15,1.01433284,1.0845,1,1.0845,1
2015-03-16,1.01556353,1.083355,1,1.083355,1
2015-03-17,1.01299676,1.0707,1,1.0707,1
2015-03-18,1.00162264,1.05472,1,1.05472,1
2015-03-19,0.99092315,1.0625,1,1.0625,1
2015-03-20,0.99715816,1.04965,1,1.04965,1
2015-03-21,0.99462963,1.04965,1,1.04965,1
2015-03-22,0.99462963,1.04811,1,1.04811,1
2015-03-23,0.99349269,1.05718,1,1.05718,1
2015-03-24,0.99228008,1.05957,1,1.05957,1
2015-03-25,0.99438181,1.084805,1,1.084805,1
2015-03-26,1.01913425,1.06689,1,1.06689,1
2015-03-27,1.01024388,1.08205,1,1.08205,1
2015-03-28,1.02533205,1.08205,1,1.08205,1
2015-03-29,1.02533205,1.08252,1,1.08252,1
2015-03-30,1.02265181,1.094785,1,1.094785,1
2015-03-31,1.03501455,1.09035,1,1.09035,1
2015-04-01,1.04200316,1.096175,1,1.096175,1
2015-04-02,1.04112443,1.08862,1,1.08862,1
2015-04-03,1.0381036,1.08905,1,1.08905,1
2015-04-04,1.03924752,1.08905,1,1.08905,1
2015-04-05,1.03924752,1.08845,1,1.08845,1
2015-04-06,1.04016609,1.08285,1,1.08285,1
2015-04-07,1.03351697,1.073865,1,1.073865,1
2015-04-08,1.02880663,1.07702,1,1.07702,1
2015-04-09,1.03498781,1.08701,1,1.08701,1
2015-04-10,1.04161256,1.0895,1,1.0895,1
2015-04-11,1.05293612,1.0895,1,1.0895,1
2015-04-12,1.05293612,1.10004,1,1.10004,1
2015-04-13,1.05006179,1.0933,1,1.0933,1
2015-04-14,1.04367257,1.0823,1,1.0823,1
2015-04-15,1.03542718,1.0784,1,1.0784,1
2015-04-16,1.03482181,1.06673,1,1.06673,1
2015-04-17,1.023531,1.0586,1,1.0586,1
2015-04-18,1.01886241,1.0586,1,1.0586,1
2015-04-19,1.01886241,1.0571,1,1.0571,1
2015-04-20,1.02314882,1.06465,1,1.06465,1
2015-04-21,1.02775456,1.06785,1,1.06785,1
2015-04-22,1.03620502,1.07581,1,1.07581,1
2015-04-23,1.04515056,1.08055,1,1.08055,1
2015-04-24,1.0501538,1.08055,1,1.08055,1
2015-04-25,1.0501538,1.08095,1,1.08095,1
2015-04-26,1.05091147,1.07506,1,1.07506,1
2015-04-27,1.04668207,1.07387,1,1.07387,1
2015-04-28,1.04718628,1.07245,1,1.07245,1
2015-04-29,1.03111919,1.08147,1,1.08147,1
2015-04-30,1.04645754,1.0875,1,1.0875,1
2015-05-01,1.04841069,1.0875,1,1.0875,1
2015-05-02,1.04841069,1.08655,1,1.08655,1
2015-05-03,1.04860826,1.087575,1,1.087575,1
2015-05-04,1.04687381,1.09673,1,1.09673,1
2015-05-05,1.04583921,1.11121,1,1.11121,1
2015-05-06,1.06342253,1.12143,1,1.12143,1
2015-05-07,1.0713521,1.12005,1,1.12005,1
2015-05-08,1.07216794,1.12005,1,1.12005,1
2015-05-09,1.07216794,1.118845,1,1.118845,1
2015-05-10,1.07140996,1.11494,1,1.11494,1
2015-05-11,1.0710652,1.1183,1,1.1183,1
2015-05-12,1.07845789,1.13395,1,1.13395,1
2015-05-13,1.09116709,1.1245,1,1.1245,1
2015-05-14,1.08478698,1.12225,1,1.12225,1
2015-05-15,1.07368267,1.12225,1,1.12225,1
2015-05-16,1.07368267,1.11955,1,1.11955,1
2015-05-17,1.07341632,1.11455,1,1.11455,1
2015-05-18,1.06991353,1.121955,1,1.121955,1
2015-05-19,1.07708713,1.13485,1,1.13485,1
2015-05-20,1.09032826,1.14015,1,1.14015,1
2015-05-21,1.09563228,1.139,1,1.139,1
2015-05-22,1.09164979,1.139,1,1.139,1
2015-05-23,1.09164979,1.144405,1,1.144405,1
2015-05-24,1.09241865,1.132435,1,1.132435,1
2015-05-25,1.07979701,1.11446,1,1.11446,1
2015-05-26,1.06706512,1.10985,1,1.10985,1
2015-05-27,1.06786283,1.111035,1,1.111035,1
2015-05-28,1.06659841,1.1013,1,1.1013,1
2015-05-29,1.05952633,1.1013,1,1.1013,1
2015-05-30,1.05952633,1.099065,1,1.099065,1
2015-05-31,1.05992836,1.09701,1,1.09701,1
2015-06-01,1.05744017,1.0885,1,1.0885,1
2015-06-02,1.05061887,1.08976,1,1.08976,1
2015-06-03,1.0527425,1.0963,1,1.0963,1
2015-06-04,1.06024868,1.090875,1,1.090875,1
2015-06-05,1.0636546,1.090875,1,1.090875,1
2015-06-06,1.0636546,1.096,1,1.096,1
2015-06-07,1.06211799,1.09205,1,1.09205,1
2015-06-08,1.05700427,1.114935,1,1.114935,1
2015-06-09,1.07129481,1.126205,1,1.126205,1
2015-06-10,1.06998792,1.120745,1,1.120745,1
2015-06-11,1.06951877,1.1113,1,1.1113,1
2015-06-12,1.06439623,1.1113,1,1.1113,1
2015-06-13,1.06439623,1.110165,1,1.110165,1
2015-06-14,1.06314554,1.12795,1,1.12795,1
2015-06-15,1.07819622,1.129285,1,1.129285,1
2015-06-16,1.07509569,1.13105,1,1.13105,1
2015-06-17,1.07274272,1.12465,1,1.12465,1
2015-06-18,1.07091037,1.126,1,1.126,1
2015-06-19,1.07754593,1.126,1,1.126,1
2015-06-20,1.07754593,1.1221,1,1.1221,1
2015-06-21,1.0756158,1.12755,1,1.12755,1
2015-06-22,1.07528043,1.124185,1,1.124185,1
2015-06-23,1.07301342,1.136735,1,1.136735,1
2015-06-24,1.08571747,1.13725,1,1.13725,1
2015-06-25,1.08530502,1.13555,1,1.13555,1
2015-06-26,1.08993476,1.13555,1,1.13555,1
2015-06-27,1.08993476,1.13625,1,1.13625,1
2015-06-28,1.08875534,1.134625,1,1.134625,1
2015-06-29,1.08491642,1.1173,1,1.1173,1
2015-06-30,1.07108243,1.120525,1,1.120525,1
2015-07-01,1.07110537,1.12032,1,1.12032,1
2015-07-02,1.0677031,1.1168,1,1.1168,1
2015-07-03,1.07123128,1.1168,1,1.1168,1
2015-07-04,1.07123128,1.09745,1,1.09745,1
2015-07-05,1.06349048,1.121945,1,1.121945,1
2015-07-06,1.07989612,1.113425,1,1.113425,1
2015-07-07,1.06945026,1.1033,1,1.1033,1
2015-07-08,1.05404623,1.10865,1,1.10865,1
2015-07-09,1.0596589,1.1114,1,1.1114,1
2015-07-10,1.06350704,1.1114,1,1.1114,1
2015-07-11,1.06350704,1.09949,1,1.09949,1
2015-07-12,1.05907527,1.1048,1,1.1048,1
2015-07-13,1.06038931,1.10076,1,1.10076,1
2015-07-14,1.05619489,1.107,1,1.107,1
2015-07-15,1.05736238,1.10605,1,1.10605,1
2015-07-16,1.05478557,1.11565,1,1.11565,1
2015-07-17,1.0653091,1.11565,1,1.11565,1
2015-07-18,1.0653091,1.11288,1,1.11288,1
2015-07-19,1.06355829,1.09855,1,1.09855,1
2015-07-20,1.05202805,1.10085,1,1.10085,1
2015-07-21,1.05803319,1.0936,1,1.0936,1
2015-07-22,1.04952169,1.08845,1,1.08845,1
2015-07-23,1.04451738,1.083,1,1.083,1
2015-07-24,1.03988039,1.083,1,1.083,1
2015-07-25,1.03988039,1.08301,1,1.08301,1
2015-07-26,1.03939867,1.0834,1,1.0834,1
2015-07-27,1.03777506,1.093585,1,1.093585,1
2015-07-28,1.04380323,1.092425,1,1.092425,1
2015-07-29,1.04177529,1.098615,1,1.098615,1
2015-07-30,1.04215566,1.0974,1,1.0974,1
2015-07-31,1.03855506,1.0974,1,1.0974,1
2015-08-01,1.03855506,1.09725,1,1.09725,1
2015-08-02,1.03880458,1.109,1,1.109,1
2015-08-03,1.03917708,1.1066,1,1.1066,1
2015-08-04,1.0397605,1.098125,1,1.098125,1
2015-08-05,1.03359183,1.09412,1,1.09412,1
2015-08-06,1.03266318,1.101025,1,1.101025,1
2015-08-07,1.03471961,1.101025,1,1.101025,1
2015-08-08,1.03471961,1.09677,1,1.09677,1
2015-08-09,1.03384287,1.09525,1,1.09525,1
2015-08-10,1.03164574,1.088495,1,1.088495,1
2015-08-11,1.02233809,1.090355,1,1.090355,1
2015-08-12,1.02127316,1.09237,1,1.09237,1
2015-08-13,1.01927449,1.09685,1,1.09685,1
2015-08-14,1.01709292,1.09685,1,1.09685,1
2015-08-15,1.01709292,1.0962,1,1.0962,1
2015-08-16,1.01670969,1.10155,1,1.10155,1
2015-08-17,1.01657019,1.10395,1,1.10395,1
2015-08-18,1.01193579,1.1158,1,1.1158,1
2015-08-19,1.02520471,1.11575,1,1.11575,1
2015-08-20,1.02506804,1.11105,1,1.11105,1
2015-08-21,1.024475,1.11105,1,1.11105,1
2015-08-22,1.024475,1.10924,1,1.10924,1
2015-08-23,1.02354163,1.10754,1,1.10754,1
2015-08-24,1.02212916,1.102995,1,1.102995,1
2015-08-25,1.023018,1.11175,1,1.11175,1
2015-08-26,1.03525035,1.12365,1,1.12365,1
2015-08-27,1.04242688,1.1388,1,1.1388,1
2015-08-28,1.05693748,1.1388,1,1.1388,1
2015-08-29,1.05693748,1.13755,1,1.13755,1
2015-08-30,1.0555037,1.15785,1,1.15785,1
2015-08-31,1.0720297,1.155445,1,1.155445,1
2015-09-01,1.06448098,1.13388,1,1.13388,1
2015-09-02,1.05036515,1.1247,1,1.1247,1
2015-09-03,1.03570062,1.118,1,1.118,1
2015-09-04,1.0385098,1.118,1,1.118,1
2015-09-05,1.0385098,1.12105,1,1.12105,1
2015-09-06,1.04025833,1.122435,1,1.122435,1
2015-09-07,1.03601211,1.12955,1,1.12955,1
2015-09-08,1.04147682,1.1214,1,1.1214,1
2015-09-09,1.03082167,1.1126,1,1.1126,1
2015-09-10,1.02674682,1.1147,1,1.1147,1
2015-09-11,1.02834306,1.1147,1,1.1147,1
2015-09-12,1.02834306,1.115255,1,1.115255,1
2015-09-13,1.0287538,1.115915,1,1.115915,1
2015-09-14,1.02453775,1.12068,1,1.12068,1
2015-09-15,1.02239045,1.12191,1,1.12191,1
2015-09-16,1.02511542,1.12871,1,1.12871,1
2015-09-17,1.02732694,1.1335,1,1.1335,1
2015-09-18,1.03197594,1.1335,1,1.1335,1
2015-09-19,1.03197594,1.134125,1,1.134125,1
2015-09-20,1.03177883,1.1308,1,1.1308,1
2015-09-21,1.0326152,1.127,1,1.127,1
2015-09-22,1.02637801,1.12927,1,1.12927,1
2015-09-23,1.03060378,1.1401,1,1.1401,1
2015-09-24,1.03944715,1.13085,1,1.13085,1
2015-09-25,1.03237059,1.13085,1,1.13085,1
2015-09-26,1.03237059,1.12905,1,1.12905,1
2015-09-27,1.03145422,1.118925,1,1.118925,1
2015-09-28,1.0286849,1.11196,1,1.11196,1
2015-09-29,1.02495785,1.11879,1,1.11879,1
2015-09-30,1.02108548,1.11805,1,1.11805,1
2015-10-01,1.02239045,1.11945,1,1.11945,1
2015-10-02,1.02141947,1.11945,1,1.11945,1
2015-10-03,1.02141947,1.12025,1,1.12025,1
2015-10-04,1.02077286,1.122945,1,1.122945,1
2015-10-05,1.02574633,1.125325,1,1.125325,1
2015-10-06,1.02960117,1.11695,1,1.11695,1
2015-10-07,1.02653603,1.11905,1,1.11905,1
2015-10-08,1.02375107,1.121,1,1.121,1
2015-10-09,1.02927273,1.121,1,1.121,1
2015-10-10,1.02927273,1.12195,1,1.12195,1
2015-10-11,1.02966995,1.119545,1,1.119545,1
2015-10-12,1.02490529,1.12665,1,1.12665,1
2015-10-13,1.03343165,1.12378,1,1.12378,1
2015-10-14,1.02690496,1.128395,1,1.128395,1
2015-10-15,1.03466125,1.13585,1,1.13585,1
2015-10-16,1.03946895,1.13585,1,1.13585,1
2015-10-17,1.03946895,1.136815,1,1.136815,1
2015-10-18,1.04031223,1.1354,1,1.1354,1
2015-10-19,1.03841087,1.13825,1,1.13825,1
2015-10-20,1.04320435,1.147385,1,1.147385,1
2015-10-21,1.05301958,1.136835,1,1.136835,1
2015-10-22,1.05104396,1.1349,1,1.1349,1
2015-10-23,1.0484995,1.1349,1,1.1349,1
2015-10-24,1.0484995,1.13585,1,1.13585,1
2015-10-25,1.04904289,1.13288,1,1.13288,1
2015-10-26,1.04556067,1.1352,1,1.1352,1
2015-10-27,1.04585559,1.13465,1,1.13465,1
2015-10-28,1.04231817,1.108235,1,1.108235,1
2015-10-29,1.02709477,1.10175,1,1.10175,1
2015-10-30,1.04773439,1.10175,1,1.10175,1
2015-10-31,1.04773439,1.101955,1,1.101955,1
2015-11-01,1.02161221,1.10592,1,1.10592,1
2015-11-02,1.0176667,1.10327,1,1.10327,1
2015-11-03,1.01296084,1.092245,1,1.092245,1
2015-11-04,1.00618812,1.099155,1,1.099155,1
2015-11-05,1.01092303,1.1009,1,1.1009,1
2015-11-06,1.0122895,1.1009,1,1.1009,1
2015-11-07,1.0122895,1.10239,1,1.10239,1
2015-11-08,1.01385947,1.10148,1,1.10148,1
2015-11-09,1.01294032,1.09613,1,1.09613,1
2015-11-10,1.00891376,1.08642,1,1.08642,1
2015-11-11,1.00681108,1.088385,1,1.088385,1
2015-11-12,1.00497469,1.0742,1,1.0742,1
2015-11-13,0.99438204,1.0742,1,1.0742,1
2015-11-14,0.99438204,1.073155,1,1.073155,1
2015-11-15,0.9943076,1.0759,1,1.0759,1
2015-11-16,0.99682512,1.074,1,1.074,1
2015-11-17,0.99471311,1.076365,1,1.076365,1
2015-11-18,0.99648739,1.08074,1,1.08074,1
2015-11-19,0.99907087,1.0769,1,1.0769,1
2015-11-20,0.99408539,1.0769,1,1.0769,1
2015-11-21,0.99408539,1.069995,1,1.069995,1
2015-11-22,0.99208318,1.06873,1,1.06873,1
2015-11-23,0.99049129,1.064315,1,1.064315,1
2015-11-24,0.98595027,1.067035,1,1.067035,1
2015-11-25,0.98124354,1.072605,1,1.072605,1
2015-11-26,0.98657762,1.06485,1,1.06485,1
2015-11-27,0.9817398,1.06485,1,1.06485,1
2015-11-28,0.9817398,1.063815,1,1.063815,1
2015-11-29,0.9807335,1.0637,1,1.0637,1
2015-11-30,0.9818843,1.0643,1,1.0643,1
2015-12-01,0.983144,1.06235,1,1.06235,1
2015-12-02,0.9785837,1.060435,1,1.060435,1
2015-12-03,0.97689163,1.05925,1,1.05925,1
2015-12-04,0.97082717,1.05925,1,1.05925,1
2015-12-05,0.97082717,1.058325,1,1.058325,1
2015-12-06,0.97050632,1.05698,1,1.05698,1
2015-12-07,0.97177953,1.062645,1,1.062645,1
2015-12-08,0.97431226,1.06106,1,1.06106,1
2015-12-09,0.98165291,1.091705,1,1.091705,1
2015-12-10,1.00628938,1.08835,1,1.08835,1
2015-12-11,1.00353324,1.08835,1,1.08835,1
2015-12-12,1.00353324,1.08815,1,1.08815,1
2015-12-13,1.00302916,1.083365,1,1.083365,1
2015-12-14,0.99936041,1.08927,1,1.08927,1
2015-12-15,1.00712035,1.1015,1,1.1015,1
2015-12-16,1.0167975,1.094645,1,1.094645,1
2015-12-17,1.01188977,1.09925,1,1.09925,1
2015-12-18,1.01757889,1.09925,1,1.09925,1
2015-12-19,1.01757889,1.09805,1,1.09805,1
2015-12-20,1.01606398,1.099135,1,1.099135,1
2015-12-21,1.01440455,1.09341,1,1.09341,1
2015-12-22,1.00917849,1.087355,1,1.087355,1
2015-12-23,1.00739428,1.08426,1,1.08426,1
2015-12-24,1.00530298,1.0867,1,1.0867,1
2015-12-25,1.00790235,1.0867,1,1.0867,1
2015-12-26,1.00790235,1.086935,1,1.086935,1
2015-12-27,1.00821704,1.091125,1,1.091125,1
2015-12-28,1.00723701,1.094865,1,1.094865,1
2015-12-29,1.01211502,1.09083,1,1.09083,1
2015-12-30,1.00943831,1.09668,1,1.09668,1
2015-12-31,1.01394693,1.09755,1,1.09755,1
2016-01-01,1.01147296,1.09755,1,1.09755,1
2016-01-02,1.01147296,1.096425,1,1.096425,1
2016-01-03,1.01303268,1.09747,1,1.09747,1
2016-01-04,1.01204332,1.092525,1,1.092525,1
2016-01-05,1.00765314,1.0934,1,1.0934,1
2016-01-06,1.01190507,1.18175,1,1.18175,1
2016-01-07,0.99855213,1.08605,1,1.08605,1
2016-01-08,0.99895113,1.08605,1,1.08605,1
2016-01-09,0.99895113,1.08523,1,1.08523,1
2016-01-10,1.0002851,1.08238,1,1.08238,1
2016-01-11,0.99735204,1.075055,1,1.075055,1
2016-01-12,0.99138979,1.077665,1,1.077665,1
2016-01-13,0.99250165,1.09253,1,1.09253,1
2016-01-14,1.00612227,1.09215,1,1.09215,1
2016-01-15,1.00526278,1.09215,1,1.09215,1
2016-01-16,1.00526278,1.0938,1,1.0938,1
2016-01-17,1.00762267,1.08564,1,1.08564,1
2016-01-18,0.99832781,1.084285,1,1.084285,1
2016-01-19,0.99684002,1.08853,1,1.08853,1
2016-01-20,0.99389748,1.08571,1,1.08571,1
2016-01-21,0.99477748,1.09125,1,1.09125,1
2016-01-22,0.99835302,1.09125,1,1.09125,1
2016-01-23,0.99835302,1.091765,1,1.091765,1
2016-01-24,0.99806875,1.08929,1,1.08929,1
2016-01-25,0.99487144,1.09107,1,1.09107,1
2016-01-26,0.99662643,1.087475,1,1.087475,1
2016-01-27,0.99408526,1.085865,1,1.085865,1
2016-01-28,0.99203889,1.07985,1,1.07985,1
2016-01-29,0.98449527,1.07985,1,1.07985,1
2016-01-30,0.98449527,1.0797,1,1.0797,1
2016-01-31,0.98385979,1.08524,1,1.08524,1
2016-02-01,0.9875763,1.08621,1,1.08621,1
2016-02-02,0.98304258,1.09039,1,1.09039,1
2016-02-03,0.98575589,1.09356,1,1.09356,1
2016-02-04,0.98613495,1.08305,1,1.08305,1
2016-02-05,0.97751745,1.08305,1,1.08305,1
2016-02-06,0.97751745,1.08305,1,1.08305,1
2016-02-07,0.97605256,1.08957,1,1.08957,1
2016-02-08,0.98101738,1.0923,1,1.0923,1
2016-02-09,0.98169151,1.1087,1,1.1087,1
2016-02-10,0.99472795,1.119945,1,1.119945,1
2016-02-11,1.00659325,1.11595,1,1.11595,1
2016-02-12,1.00922956,1.11595,1,1.11595,1
2016-02-13,1.00922956,1.11595,1,1.11595,1
2016-02-14,1.00715087,1.11896,1,1.11896,1
2016-02-15,1.01285825,1.128825,1,1.128825,1
2016-02-16,1.02763835,1.128155,1,1.128155,1
2016-02-17,1.02734274,1.131605,1,1.131605,1
2016-02-18,1.02843099,1.12565,1,1.12565,1
2016-02-19,1.02331171,1.12565,1,1.12565,1
2016-02-20,1.02331171,1.122365,1,1.122365,1
2016-02-21,1.02213955,1.11773,1,1.11773,1
2016-02-22,1.01414737,1.114315,1,1.114315,1
2016-02-23,1.01169009,1.112055,1,1.112055,1
2016-02-24,1.00727252,1.11085,1,1.11085,1
2016-02-25,1.00687697,1.11325,1,1.11325,1
2016-02-26,1.01031055,1.11325,1,1.11325,1
2016-02-27,1.01031055,1.11223,1,1.11223,1
2016-02-28,1.00938731,1.1025,1,1.1025,1
2016-02-29,0.99998502,1.10236,1,1.10236,1
2016-03-01,1.00872554,1.10142,1,1.10142,1
2016-03-02,1.01082595,1.1024,1,1.1024,1
2016-03-03,1.00984607,1.0932,1,1.0932,1
2016-03-04,1.0031054,1.0932,1,1.0932,1
2016-03-05,1.0031054,1.092405,1,1.092405,1
2016-03-06,1.00321531,1.08857,1,1.08857,1
2016-03-07,1.00206426,1.087505,1,1.087505,1
2016-03-08,1.00326066,1.0866,1,1.0866,1
2016-03-09,1.00334617,1.09461,1,1.09461,1
2016-03-10,1.00754654,1.09995,1,1.09995,1
2016-03-11,1.00718124,1.09995,1,1.09995,1
2016-03-12,1.00718124,1.099115,1,1.099115,1
2016-03-13,1.00581362,1.1016,1,1.1016,1
2016-03-14,1.00428832,1.100045,1,1.100045,1
2016-03-15,1.00346201,1.098575,1,1.098575,1
2016-03-16,1.00175313,1.117605,1,1.117605,1
2016-03-17,1.01579569,1.11565,1,1.11565,1
2016-03-18,1.01753232,1.11565,1,1.11565,1
2016-03-19,1.01753232,1.116575,1,1.116575,1
2016-03-20,1.01734058,1.110025,1,1.110025,1
2016-03-21,1.01304294,1.11076,1,1.11076,1
2016-03-22,1.01290441,1.12165,1,1.12165,1
2016-03-23,1.0224583,1.1316,1,1.1316,1
2016-03-24,1.03397112,1.1268,1,1.1268,1
2016-03-25,1.03161402,1.1268,1,1.1268,1
2016-03-26,1.03161402,1.127545,1,1.127545,1
2016-03-27,1.03140639,1.12353,1,1.12353,1
2016-03-28,1.03006768,1.12214,1,1.12214,1
2016-03-29,1.02783374,1.11791,1,1.11791,1
2016-03-30,1.02506805,1.116455,1,1.116455,1
2016-03-31,1.02448522,1.1165,1,1.1165,1
2016-04-01,1.02267823,1.1165,1,1.1165,1
2016-04-02,1.02267823,1.115755,1,1.115755,1
2016-04-03,1.02286155,1.1201,1,1.1201,1
2016-04-04,1.02695771,1.12895,1,1.12895,1
2016-04-05,1.03453273,1.1334,1,1.1334,1
2016-04-06,1.03616216,1.13805,1,1.13805,1
2016-04-07,1.04032292,1.13935,1,1.13935,1
2016-04-08,1.04372756,1.13935,1,1.13935,1
2016-04-09,1.04372756,1.1395,1,1.1395,1
2016-04-10,1.04286172,1.1387,1,1.1387,1
2016-04-11,1.04269865,1.13803,1,1.13803,1
2016-04-12,1.04536906,1.14,1,1.14,1
2016-04-13,1.04614003,1.13685,1,1.13685,1
2016-04-14,1.04564776,1.1402,1,1.1402,1
2016-04-15,1.04875128,1.1402,1,1.1402,1
2016-04-16,1.04875128,1.14049,1,1.14049,1
2016-04-17,1.04891622,1.1412,1,1.1412,1
2016-04-18,1.04804776,1.138335,1,1.138335,1
2016-04-19,1.04657248,1.12785,1,1.12785,1
2016-04-20,1.03444719,1.1268,1,1.1268,1
2016-04-21,1.03473076,1.1282,1,1.1282,1
2016-04-22,1.03308994,1.1282,1,1.1282,1
2016-04-23,1.03308994,1.1296,1,1.1296,1
2016-04-24,1.03476826,1.1307,1,1.1307,1
2016-04-25,1.03663467,1.135845,1,1.135845,1
2016-04-26,1.03946866,1.1304,1,1.1304,1
2016-04-27,1.02956925,1.12904,1,1.12904,1
2016-04-28,1.02583045,1.12235,1,1.12235,1
2016-04-29,1.02186311,1.12235,1,1.12235,1
2016-04-30,1.02186311,1.12314,1,1.12314,1
2016-05-01,1.02198287,1.12665,1,1.12665,1
2016-05-02,1.02559899,1.12964,1,1.12964,1
2016-05-03,1.02679957,1.132745,1,1.132745,1
2016-05-04,1.02983961,1.135735,1,1.135735,1
2016-05-05,1.03483247,1.1447,1,1.1447,1
2016-05-06,1.04222044,1.1447,1,1.1447,1
2016-05-07,1.04222044,1.1462,1,1.1462,1
2016-05-08,1.04302485,1.15245,1,1.15245,1
2016-05-09,1.04679169,1.15005,1,1.15005,1
2016-05-10,1.04841039,1.1492,1,1.1492,1
2016-05-11,1.04482301,1.1404,1,1.1404,1
2016-05-12,1.03311149,1.14045,1,1.14045,1
2016-05-13,1.02824069,1.14045,1,1.14045,1
2016-05-14,1.02824069,1.1388,1,1.1388,1
2016-05-15,1.02822484,1.1383,1,1.1383,1
2016-05-16,1.02954813,1.13745,1,1.13745,1
2016-05-17,1.02518364,1.142445,1,1.142445,1
2016-05-18,1.02979719,1.1374,1,1.1374,1
2016-05-19,1.02976017,1.1308,1,1.1308,1
2016-05-20,1.02518375,1.1308,1,1.1308,1
2016-05-21,1.02518375,1.1318,1,1.1318,1
2016-05-22,1.02496827,1.13155,1,1.13155,1
2016-05-23,1.02227539,1.13135,1,1.13135,1
2016-05-24,1.02030406,1.121975,1,1.121975,1
2016-05-25,1.01219704,1.12015,1,1.12015,1
2016-05-26,1.00920905,1.12215,1,1.12215,1
2016-05-27,1.00986144,1.12215,1,1.12215,1
2016-05-28,1.00986144,1.12214,1,1.12214,1
2016-05-29,1.0090563,1.1212,1,1.1212,1
2016-05-30,1.01015209,1.11354,1,1.11354,1
2016-05-31,1.00685672,1.11555,1,1.11555,1
2016-06-01,1.00877645,1.119125,1,1.119125,1
2016-06-02,1.01061151,1.11155,1,1.11155,1
2016-06-03,1.00522723,1.11155,1,1.11155,1
2016-06-04,1.00522723,1.110855,1,1.110855,1
2016-06-05,1.00535866,1.11477,1,1.11477,1
2016-06-06,1.00851693,1.11335,1,1.11335,1
2016-06-07,1.00686179,1.11875,1,1.11875,1
2016-06-08,1.01167985,1.1151,1,1.1151,1
2016-06-09,1.0093874,1.1366,1,1.1366,1
2016-06-10,1.02480548,1.1366,1,1.1366,1
2016-06-11,1.02480548,1.1351,1,1.1351,1
2016-06-12,1.02474242,1.13628,1,1.13628,1
2016-06-13,1.03060919,1.135625,1,1.135625,1
2016-06-14,1.03579179,1.1403,1,1.1403,1
2016-06-15,1.04335126,1.13125,1,1.13125,1
2016-06-16,1.03675296,1.12535,1,1.12535,1
2016-06-17,1.03707044,1.12535,1,1.12535,1
2016-06-18,1.03707044,1.12387,1,1.12387,1
2016-06-19,1.03675296,1.12895,1,1.12895,1
2016-06-20,1.03875601,1.121035,1,1.121035,1
2016-06-21,1.03762426,1.12615,1,1.12615,1
2016-06-22,1.04031223,1.12565,1,1.12565,1
2016-06-23,1.03585081,1.1276,1,1.1276,1
2016-06-24,1.04190551,1.1276,1,1.1276,1
2016-06-25,1.04190551,1.134735,1,1.134735,1
2016-06-26,1.04184576,1.13217,1,1.13217,1
2016-06-27,1.03950648,1.12496,1,1.12496,1
2016-06-28,1.03923101,1.1325,1,1.1325,1
2016-06-29,1.04190005,1.133,1,1.133,1
2016-06-30,1.0396092,1.1118,1,1.1118,1
2016-07-01,1.02841558,1.1118,1,1.1118,1
2016-07-02,1.02841558,1.1035,1,1.1035,1
2016-07-03,1.02727944,1.1013,1,1.1013,1
2016-07-04,1.02186802,1.1076,1,1.1076,1
2016-07-05,1.01990873,1.11209,1,1.11209,1
2016-07-06,1.02092385,1.11037,1,1.11037,1
2016-07-07,1.02424911,1.11385,1,1.11385,1
2016-07-08,1.0277338,1.11385,1,1.11385,1
2016-07-09,1.0277338,1.11279,1,1.11279,1
2016-07-10,1.02600947,1.1145,1,1.1145,1
2016-07-11,1.02988737,1.10625,1,1.10625,1
2016-07-12,1.023421,1.10972,1,1.10972,1
2016-07-13,1.02551508,1.106505,1,1.106505,1
2016-07-14,1.02176366,1.10505,1,1.10505,1
2016-07-15,1.01711816,1.10505,1,1.10505,1
2016-07-16,1.01711816,1.10441,1,1.10441,1
2016-07-17,1.01704573,1.10568,1,1.10568,1
2016-07-18,1.01760458,1.10605,1,1.10605,1
2016-07-19,1.01101501,1.10945,1,1.10945,1
2016-07-20,1.0156822,1.11055,1,1.11055,1
2016-07-21,1.01890087,1.10365,1,1.10365,1
2016-07-22,1.01776032,1.10365,1,1.10365,1
2016-07-23,1.01776032,1.1057,1,1.1057,1
2016-07-24,1.01646163,1.106865,1,1.106865,1
2016-07-25,1.01744941,1.101355,1,1.101355,1
2016-07-26,1.01397259,1.10161,1,1.10161,1
2016-07-27,1.01373616,1.10325,1,1.10325,1
2016-07-28,1.01517177,1.0975,1,1.0975,1
2016-07-29,1.01326364,1.0975,1,1.0975,1
2016-07-30,1.01326364,1.09692,1,1.09692,1
2016-07-31,1.01184366,1.09905,1,1.09905,1
2016-08-01,1.01413709,1.0987,1,1.0987,1
2016-08-02,1.00799372,1.1067,1,1.1067,1
2016-08-03,1.01535214,1.1083,1,1.1083,1
2016-08-04,1.02059043,1.11745,1,1.11745,1
2016-08-05,1.03112491,1.11745,1,1.11745,1
2016-08-06,1.03112491,1.11671,1,1.11671,1
2016-08-07,1.03147016,1.1167,1,1.1167,1
2016-08-08,1.03264719,1.1219,1,1.1219,1
2016-08-09,1.03636074,1.115135,1,1.115135,1
2016-08-10,1.02803452,1.11338,1,1.11338,1
2016-08-11,1.02681001,1.1087,1,1.1087,1
2016-08-12,1.01963313,1.1087,1,1.1087,1
2016-08-13,1.01963313,1.10855,1,1.10855,1
2016-08-14,1.01982021,1.1083,1,1.1083,1
2016-08-15,1.01743917,1.11185,1,1.11185,1
2016-08-16,1.01876571,1.11825,1,1.11825,1
2016-08-17,1.02673099,1.1139,1,1.1139,1
2016-08-18,1.0255885,1.11645,1,1.11645,1
2016-08-19,1.02598314,1.11645,1,1.11645,1
2016-08-20,1.02598314,1.1166,1,1.1166,1
2016-08-21,1.02613051,1.1182,1,1.1182,1
2016-08-22,1.02768588,1.1276,1,1.1276,1
2016-08-23,1.03955514,1.12972,1,1.12972,1
2016-08-24,1.03992264,1.13475,1,1.13475,1
2016-08-25,1.04758119,1.13245,1,1.13245,1
2016-08-26,1.04143891,1.13245,1,1.13245,1
2016-08-27,1.04143891,1.12965,1,1.12965,1
2016-08-28,1.03955514,1.13188,1,1.13188,1
2016-08-29,1.03897212,1.13015,1,1.13015,1
2016-08-30,1.0378935,1.1261,1,1.1261,1
2016-08-31,1.03379476,1.1287,1,1.1287,1
2016-09-01,1.03396048,1.1196,1,1.1196,1
2016-09-02,1.02217097,1.1196,1,1.1196,1
2016-09-03,1.02217097,1.11975,1,1.11975,1
2016-09-04,1.02261515,1.11907,1,1.11907,1
2016-09-05,1.0226256,1.11485,1,1.11485,1
2016-09-06,1.01707158,1.11585,1,1.11585,1
2016-09-07,1.0167252,1.11988,1,1.11988,1
2016-09-08,1.02047586,1.11545,1,1.11545,1
2016-09-09,1.01934761,1.11545,1,1.11545,1
2016-09-10,1.01934761,1.11585,1,1.11585,1
2016-09-11,1.0202,1.1151,1,1.1151,1
2016-09-12,1.02025207,1.1251,1,1.1251,1
2016-09-13,1.03076851,1.12386,1,1.12386,1
2016-09-14,1.03128403,1.12645,1,1.12645,1
2016-09-15,1.02885958,1.1232,1,1.1232,1
2016-09-16,1.02526255,1.1232,1,1.1232,1
2016-09-17,1.02526255,1.1239,1,1.1239,1
2016-09-18,1.02563055,1.124,1,1.124,1
2016-09-19,1.02928318,1.121885,1,1.121885,1
2016-09-20,1.02359391,1.1247,1,1.1247,1
2016-09-21,1.02727942,1.1244,1,1.1244,1
2016-09-22,1.02949511,1.1158,1,1.1158,1
2016-09-23,1.02003365,1.1158,1,1.1158,1
2016-09-24,1.02003365,1.1158,1,1.1158,1
2016-09-25,1.02054879,1.11775,1,1.11775,1
2016-09-26,1.02030415,1.115305,1,1.115305,1
2016-09-27,1.02130963,1.1189,1,1.1189,1
2016-09-28,1.02759089,1.121,1,1.121,1
2016-09-29,1.03182138,1.12265,1,1.12265,1
2016-09-30,1.03065172,1.12265,1,1.12265,1
2016-10-01,1.03065172,1.1239,1,1.1239,1
2016-10-02,1.0316192,1.12505,1,1.12505,1
2016-10-03,1.03182138,1.12173,1,1.12173,1
2016-10-04,1.03018972,1.12236,1,1.12236,1
2016-10-05,1.03022689,1.12185,1,1.12185,1
2016-10-06,1.03500919,1.1242,1,1.1242,1
2016-10-07,1.0295322,1.1242,1,1.1242,1
2016-10-08,1.0295322,1.1233,1,1.1233,1
2016-10-09,1.02880662,1.12093,1,1.12093,1
2016-10-10,1.02690493,1.1209,1,1.1209,1
2016-10-11,1.02199855,1.12065,1,1.12065,1
2016-10-12,1.02653603,1.113985,1,1.113985,1
2016-10-13,1.01964863,1.1201,1,1.1201,1
2016-10-14,1.0230912,1.1201,1,1.1201,1
2016-10-15,1.0230912,1.11947,1,1.11947,1
2016-10-16,1.0227564,1.11405,1,1.11405,1
2016-10-17,1.01796719,1.105865,1,1.105865,1
2016-10-18,1.01207918,1.101055,1,1.101055,1
2016-10-19,1.0097441,1.104845,1,1.104845,1
2016-10-20,1.01354608,1.09705,1,1.09705,1
2016-10-21,1.00972878,1.09705,1,1.09705,1
2016-10-22,1.00972878,1.09654,1,1.09654,1
2016-10-23,1.00958093,1.101,1,1.101,1
2016-10-24,1.01209456,1.09745,1,1.09745,1
2016-10-25,1.00986644,1.0975,1,1.0975,1
2016-10-26,1.01087196,1.0929,1,1.0929,1
2016-10-27,1.00742476,1.0886,1,1.0886,1
2016-10-28,1.00660843,1.0886,1,1.0886,1
2016-10-29,1.00660843,1.0881,1,1.0881,1
2016-10-30,1.00578326,1.087295,1,1.087295,1
2016-10-31,1.00595021,1.08862,1,1.08862,1
2016-11-01,1.0051969,1.0909,1,1.0909,1
2016-11-02,1.00663882,1.0898,1,1.0898,1
2016-11-03,1.00618302,1.0986,1,1.0986,1
2016-11-04,1.01244813,1.0986,1,1.0986,1
2016-11-05,1.01244813,1.09828,1,1.09828,1
2016-11-06,1.01260702,1.09725,1,1.09725,1
2016-11-07,1.01084639,1.105495,1,1.105495,1
2016-11-08,1.02537812,1.109405,1,1.109405,1
2016-11-09,1.02759082,1.10997,1,1.10997,1
2016-11-10,1.02611462,1.1142,1,1.1142,1
2016-11-11,1.0327274,1.1142,1,1.1142,1
2016-11-12,1.0327274,1.109475,1,1.109475,1
2016-11-13,1.02604093,1.104965,1,1.104965,1
2016-11-14,1.0265465,1.10177,1,1.10177,1
2016-11-15,1.02077274,1.09198,1,1.09198,1
2016-11-16,1.01564088,1.08881,1,1.08881,1
2016-11-17,1.01285824,1.08565,1,1.08565,1
2016-11-18,1.01223804,1.08565,1,1.08565,1
2016-11-19,1.01223804,1.082255,1,1.082255,1
2016-11-20,1.01050419,1.0747,1,1.0747,1
2016-11-21,1.00294868,1.072435,1,1.072435,1
2016-11-22,0.9985222,1.07062,1,1.07062,1
2016-11-23,0.99903594,1.06213,1,1.06213,1
2016-11-24,0.99266915,1.05885,1,1.05885,1
2016-11-25,0.98990315,1.05885,1,1.05885,1
2016-11-26,0.98990315,1.058365,1,1.058365,1
2016-11-27,0.98894362,1.06378,1,1.06378,1
2016-11-28,0.99230966,1.06326,1,1.06326,1
2016-11-29,0.98926652,1.054175,1,1.054175,1
2016-11-30,0.98284934,1.05601,1,1.05601,1
2016-12-01,0.983526,1.0593,1,1.0593,1
2016-12-02,0.98609614,1.0593,1,1.0593,1
2016-12-03,0.98609614,1.061005,1,1.061005,1
2016-12-04,0.98760561,1.061845,1,1.061845,1
2016-12-05,0.98789831,1.06473,1,1.06473,1
2016-12-06,0.98838652,1.0591,1,1.0591,1
2016-12-07,0.98323589,1.06626,1,1.06626,1
2016-12-08,0.9895602,1.0665,1,1.0665,1
2016-12-09,0.98965819,1.0665,1,1.0665,1
2016-12-10,0.98965819,1.0568,1,1.0568,1
2016-12-11,0.98575589,1.075575,1,1.075575,1
2016-12-12,0.99290082,1.071875,1,1.071875,1
2016-12-13,0.99014809,1.075965,1,1.075965,1
2016-12-14,0.99319666,1.06212,1,1.06212,1
2016-12-15,0.98439736,1.05605,1,1.05605,1
2016-12-16,0.98328432,1.05605,1,1.05605,1
2016-12-17,0.98328432,1.054625,1,1.054625,1
2016-12-18,0.98227009,1.0641,1,1.0641,1
2016-12-19,0.98682594,1.06272,1,1.06272,1
2016-12-20,0.98828884,1.051225,1,1.051225,1
2016-12-21,0.97833005,1.041655,1,1.041655,1
2016-12-22,0.97120387,1.04515,1,1.04515,1
2016-12-23,0.97408937,1.04515,1,1.04515,1
2016-12-24,0.97408937,1.04467,1,1.04467,1
2016-12-25,0.97404184,1.040315,1,1.040315,1
2016-12-26,0.97366249,1.0391,1,1.0391,1
2016-12-27,0.97186458,1.042685,1,1.042685,1
2016-12-28,0.97413673,1.04377,1,1.04377,1
2016-12-29,0.97499153,1.04525,1,1.04525,1
2016-12-30,0.9732361,1.04525,1,1.04525,1
2016-12-31,0.9732361,1.045335,1,1.045335,1
2017-01-01,0.97466096,1.045425,1,1.045425,1
2017-01-02,0.97389972,1.04615,1,1.04615,1
2017-01-03,0.97309401,1.0414,1,1.0414,1
2017-01-04,0.97243163,1.05662,1,1.05662,1
2017-01-05,0.98255963,1.21725,1,1.21725,1
2017-01-06,0.98241593,1.05245,1,1.05245,1
2017-01-07,0.98241593,1.052655,1,1.052655,1
2017-01-08,0.98169199,1.045855,1,1.045855,1
2017-01-09,0.97632467,1.04177,1,1.04177,1
2017-01-10,0.97451645,1.0497,1,1.0497,1
2017-01-11,0.98034416,1.060415,1,1.060415,1
2017-01-12,0.99034421,1.053275,1,1.053275,1
2017-01-13,0.98270449,1.053275,1,1.053275,1
2017-01-14,0.98270449,1.05298,1,1.05298,1
2017-01-15,0.98222183,1.0586,1,1.0586,1
2017-01-16,0.98599886,1.05535,1,1.05535,1
2017-01-17,0.98347762,1.05965,1,1.05965,1
2017-01-18,0.98716687,1.06165,1,1.06165,1
2017-01-19,0.98960915,1.06435,1,1.06435,1
2017-01-20,0.99198335,1.06435,1,1.06435,1
2017-01-21,0.99198335,1.062715,1,1.062715,1
2017-01-22,0.99147337,1.06024,1,1.06024,1
2017-01-23,0.9890219,1.0697,1,1.0697,1
2017-01-24,0.99690962,1.06285,1,1.06285,1
2017-01-25,0.99196512,1.06585,1,1.06585,1
2017-01-26,0.99354202,1.0702,1,1.0702,1
2017-01-27,0.99824999,1.0702,1,1.0702,1
2017-01-28,0.99824999,1.071325,1,1.071325,1
2017-01-29,0.99790444,1.07592,1,1.07592,1
2017-01-30,1.00260682,1.07285,1,1.07285,1
2017-01-31,0.99880148,1.075155,1,1.075155,1
2017-02-01,1.00090085,1.06835,1,1.06835,1
2017-02-02,1.00010005,1.06985,1,1.06985,1
2017-02-03,1.00080068,1.06985,1,1.06985,1
2017-02-04,1.00080068,1.071445,1,1.071445,1
2017-02-05,1.00080068,1.07075,1,1.07075,1
2017-02-06,1.00542936,1.08025,1,1.08025,1
2017-02-07,1.01112239,1.07672,1,1.07672,1
2017-02-08,1.00694798,1.076165,1,1.076165,1
2017-02-09,1.00755672,1.07855,1,1.07855,1
2017-02-10,1.00745521,1.07855,1,1.07855,1
2017-02-11,1.00745521,1.07827,1,1.07827,1
2017-02-12,1.00745521,1.07435,1,1.07435,1
2017-02-13,1.00867465,1.06784,1,1.06784,1
2017-02-14,1.00210446,1.069125,1,1.069125,1
2017-02-15,1.0048232,1.06582,1,1.06582,1
2017-02-16,0.9984026,1.06415,1,1.06415,1
2017-02-17,0.99750628,1.06415,1,1.06415,1
2017-02-18,0.99750628,1.061905,1,1.061905,1
2017-02-19,0.99750628,1.05991,1,1.05991,1
2017-02-20,0.99443123,1.057835,1,1.057835,1
2017-02-21,0.99364074,1.06045,1,1.06045,1
2017-02-22,0.99512394,1.067175,1,1.067175,1
2017-02-23,1.00270735,1.06145,1,1.06145,1
2017-02-24,0.99720786,1.06145,1,1.06145,1
2017-02-25,0.99720786,1.06254,1,1.06254,1
2017-02-26,0.99720786,1.06095,1,1.06095,1
2017-02-27,0.9967109,1.05425,1,1.05425,1
2017-02-28,0.99088391,1.05525,1,1.05525,1
2017-03-01,0.98921757,1.05835,1,1.05835,1
2017-03-02,0.99383825,1.05615,1,1.05615,1
2017-03-03,0.99245737,1.05615,1,1.05615,1
2017-03-04,0.99245737,1.05525,1,1.05525,1
2017-03-05,0.99245737,1.05845,1,1.05845,1
2017-03-06,0.99068758,1.056875,1,1.056875,1
2017-03-07,0.99344332,1.05365,1,1.05365,1
2017-03-08,0.98970709,1.05071,1,1.05071,1
2017-03-09,0.98687461,1.06225,1,1.06225,1
2017-03-10,0.99235888,1.06225,1,1.06225,1
2017-03-11,0.99235888,1.06225,1,1.06225,1
2017-03-12,0.99235888,1.057915,1,1.057915,1
2017-03-13,0.98814234,1.05695,1,1.05695,1
2017-03-14,0.98697201,1.05455,1,1.05455,1
2017-03-15,0.98570729,1.05795,1,1.05795,1
2017-03-16,0.98775192,1.06735,1,1.06735,1
2017-03-17,0.98911972,1.06735,1,1.06735,1
2017-03-18,0.98911972,1.06895,1,1.06895,1
2017-03-19,0.98911972,1.065095,1,1.065095,1
2017-03-20,0.99255587,1.061225,1,1.061225,1
2017-03-21,0.99049133,1.07375,1,1.07375,1
2017-03-22,0.99990005,1.0772,1,1.0772,1
2017-03-23,1.00391531,1.07535,1,1.07535,1
2017-03-24,1.00180329,1.07535,1,1.07535,1
2017-03-25,1.00180329,1.07425,1,1.07425,1
2017-03-26,1.00180329,1.07365,1,1.07365,1
2017-03-27,1.00110125,1.08126,1,1.08126,1
2017-03-28,1.00654257,1.07915,1,1.07915,1
2017-03-29,1.00796295,1.078365,1,1.078365,1
2017-03-30,1.0068466,1.08075,1,1.08075,1
2017-03-31,1.0087764,1.08075,1,1.08075,1
2017-04-01,1.0087764,1.084635,1,1.084635,1
2017-04-02,1.0087764,1.086045,1,1.086045,1
2017-04-03,1.01461043,1.08165,1,1.08165,1
2017-04-04,1.00786136,1.07582,1,1.07582,1
2017-04-05,1.00321032,1.06875,1,1.06875,1
2017-04-06,0.99950029,1.06645,1,1.06645,1
2017-04-07,0.99710843,1.06645,1,1.06645,1
2017-04-08,0.99710843,1.067,1,1.067,1
2017-04-09,0.99710843,1.06695,1,1.06695,1
2017-04-10,0.9984026,1.06805,1,1.06805,1
2017-04-11,0.99830293,1.06715,1,1.06715,1
2017-04-12,0.99621443,1.06455,1,1.06455,1
2017-04-13,0.99453013,1.05915,1,1.05915,1
2017-04-14,0.99068758,1.05915,1,1.05915,1
2017-04-15,0.99068758,1.05825,1,1.05825,1
2017-04-16,0.99068758,1.05971,1,1.05971,1
2017-04-17,0.99186673,1.06108,1,1.06108,1
2017-04-18,0.9930487,1.067015,1,1.067015,1
2017-04-19,0.99800403,1.06153,1,1.06153,1
2017-04-20,0.99443123,1.06135,1,1.06135,1
2017-04-21,0.99453013,1.06135,1,1.06135,1
2017-04-22,0.99453013,1.060995,1,1.060995,1
2017-04-23,0.99453013,1.06435,1,1.06435,1
2017-04-24,0.99581761,1.072765,1,1.072765,1
2017-04-25,1.00371378,1.07135,1,1.07135,1
2017-04-26,1.00200405,1.07145,1,1.07145,1
2017-04-27,1.00100104,1.07265,1,1.07265,1
2017-04-28,1.00421776,1.07265,1,1.07265,1
2017-04-29,1.00421776,1.087235,1,1.087235,1
2017-04-30,1.00421776,1.08655,1,1.08655,1
2017-05-01,1.00401611,1.092705,1,1.092705,1
2017-05-02,1.00654257,1.09085,1,1.09085,1
2017-05-03,1.00664389,1.08655,1,1.08655,1
2017-05-04,1.00553046,1.08955,1,1.08955,1
2017-05-05,1.00522723,1.08955,1,1.08955,1
2017-05-06,1.00522723,1.09058,1,1.09058,1
2017-05-07,1.00522723,1.09085,1,1.09085,1
2017-05-08,1.00431861,1.09355,1,1.09355,1
2017-05-09,1.00897996,1.088795,1,1.088795,1
2017-05-10,1.00583388,1.09815,1,1.09815,1
2017-05-11,1.01409598,1.09975,1,1.09975,1
2017-05-12,1.01265827,1.09975,1,1.09975,1
2017-05-13,1.01265827,1.09975,1,1.09975,1
2017-05-14,1.01265827,1.09265,1,1.09265,1
2017-05-15,1.00180329,1.08865,1,1.08865,1
2017-05-16,0.99334463,1.08675,1,1.08675,1
2017-05-17,0.9909821,1.08646,1,1.08646,1
2017-05-18,0.99216196,1.09335,1,1.09335,1
2017-05-19,0.99900104,1.09335,1,1.09335,1
2017-05-20,0.99900104,1.09279,1,1.09279,1
2017-05-21,0.99900104,1.098,1,1.098,1
2017-05-22,1.00421776,1.10933,1,1.10933,1
2017-05-23,1.01574408,1.11554,1,1.11554,1
2017-05-24,1.02124188,1.11095,1,1.11095,1
2017-05-25,1.02082487,1.12075,1,1.12075,1
2017-05-26,1.02774928,1.12075,1,1.12075,1
2017-05-27,1.02774928,1.120355,1,1.120355,1
2017-05-28,1.02774928,1.12385,1,1.12385,1
2017-05-29,1.02743249,1.11805,1,1.11805,1
2017-05-30,1.02438029,1.123075,1,1.123075,1
2017-05-31,1.02838343,1.12125,1,1.12125,1
2017-06-01,1.02764366,1.1184,1,1.1184,1
2017-06-02,1.02702413,1.1184,1,1.1184,1
2017-06-03,1.02702413,1.11759,1,1.11759,1
2017-06-04,1.02627262,1.1129,1,1.1129,1
2017-06-05,1.02124188,1.11735,1,1.11735,1
2017-06-06,1.02490524,1.123965,1,1.123965,1
2017-06-07,1.03295119,1.12125,1,1.12125,1
2017-06-08,1.02965408,1.128255,1,1.128255,1
2017-06-09,1.03890826,1.128255,1,1.128255,1
2017-06-10,1.03890826,1.12815,1,1.12815,1
2017-06-11,1.03885315,1.12555,1,1.12555,1
2017-06-12,1.03637688,1.12709,1,1.12709,1
2017-06-13,1.03885315,1.12556,1,1.12556,1
2017-06-14,1.03648429,1.11895,1,1.11895,1
2017-06-15,1.0318853,1.11957,1,1.11957,1
2017-06-16,1.03160878,1.11957,1,1.11957,1
2017-06-17,1.03160878,1.12016,1,1.12016,1
2017-06-18,1.03156597,1.119795,1,1.119795,1
2017-06-19,1.03199179,1.120855,1,1.120855,1
2017-06-20,1.0320983,1.12089,1,1.12089,1
2017-06-21,1.02954808,1.114915,1,1.114915,1
2017-06-22,1.02522047,1.11975,1,1.11975,1
2017-06-23,1.02734846,1.11975,1,1.11975,1
2017-06-24,1.02734846,1.12051,1,1.12051,1
2017-06-25,1.02701042,1.11446,1,1.11446,1
2017-06-26,1.02438029,1.11355,1,1.11355,1
2017-06-27,1.02595675,1.11667,1,1.11667,1
2017-06-28,1.02838343,1.11498,1,1.11498,1
2017-06-29,1.02880663,1.11935,1,1.11935,1
2017-06-30,1.03172055,1.11935,1,1.11935,1
2017-07-01,1.03172055,1.119865,1,1.119865,1
2017-07-02,1.03167239,1.118275,1,1.118275,1
2017-07-03,1.02848919,1.13375,1,1.13375,1
2017-07-04,1.04123287,1.137945,1,1.137945,1
2017-07-05,1.04210093,1.14415,1,1.14415,1
2017-07-06,1.046463,1.1424,1,1.1424,1
2017-07-07,1.04383076,1.1424,1,1.1424,1
2017-07-08,1.04383076,1.14222,1,1.14222,1
2017-07-09,1.04362351,1.13715,1,1.13715,1
2017-07-10,1.03809825,1.13595,1,1.13595,1
2017-07-11,1.03691419,1.13463,1,1.13463,1
2017-07-12,1.03691419,1.14255,1,1.14255,1
2017-07-13,1.04134129,1.14015,1,1.14015,1
2017-07-14,1.0374209,1.14015,1,1.14015,1
2017-07-15,1.0374209,1.14036,1,1.14036,1
2017-07-16,1.03745206,1.13963,1,1.13963,1
2017-07-17,1.03519674,1.147395,1,1.147395,1
2017-07-18,1.0379905,1.14195,1,1.14195,1
2017-07-19,1.0361621,1.14042,1,1.14042,1
2017-07-20,1.03412621,1.14673,1,1.14673,1
2017-07-21,1.03802364,1.14673,1,1.14673,1
2017-07-22,1.03802364,1.14742,1,1.14742,1
2017-07-23,1.03777506,1.147365,1,1.147365,1
2017-07-24,1.03820603,1.15478,1,1.15478,1
2017-07-25,1.04712047,1.15278,1,1.15278,1
2017-07-26,1.04723012,1.16283,1,1.16283,1
2017-07-27,1.05119315,1.16611,1,1.16611,1
2017-07-28,1.05758023,1.16611,1,1.16611,1
2017-07-29,1.05758023,1.16655,1,1.16655,1
2017-07-30,1.05752966,1.16395,1,1.16395,1
2017-07-31,1.05540902,1.1644,1,1.1644,1
2017-08-01,1.04942811,1.17295,1,1.17295,1
2017-08-02,1.05119315,1.16875,1,1.16875,1
2017-08-03,1.03734445,1.175215,1,1.175215,1
2017-08-04,1.03235953,1.175215,1,1.175215,1
2017-08-05,1.03235953,1.174695,1,1.174695,1
2017-08-06,1.0320983,1.182375,1,1.182375,1
2017-08-07,1.03369862,1.181,1,1.181,1
2017-08-08,1.03573283,1.184915,1,1.184915,1
2017-08-09,1.03029059,1.18826,1,1.18826,1
2017-08-10,1.03327138,1.17741,1,1.17741,1
2017-08-11,1.02795027,1.17741,1,1.17741,1
2017-08-12,1.02795027,1.17782,1,1.17782,1
2017-08-13,1.02796057,1.17999,1,1.17999,1
2017-08-14,1.02732694,1.17545,1,1.17545,1
2017-08-15,1.02743249,1.176205,1,1.176205,1
2017-08-16,1.03777506,1.17715,1,1.17715,1
2017-08-17,1.03971724,1.182035,1,1.182035,1
2017-08-18,1.03966349,1.182035,1,1.182035,1
2017-08-19,1.03966349,1.182565,1,1.182565,1
2017-08-20,1.03971724,1.17765,1,1.17765,1
2017-08-21,1.02806625,1.174035,1,1.174035,1
2017-08-22,1.02827768,1.17742,1,1.17742,1
2017-08-23,1.03626948,1.17148,1,1.17148,1
2017-08-24,1.03917702,1.175995,1,1.175995,1
2017-08-25,1.0364204,1.175995,1,1.175995,1
2017-08-26,1.0364204,1.1756,1,1.1756,1
2017-08-27,1.0366992,1.18115,1,1.18115,1
2017-08-28,1.03917702,1.17625,1,1.17625,1
2017-08-29,1.03241797,1.1816,1,1.1816,1
2017-08-30,1.03626948,1.17981,1,1.17981,1
2017-08-31,1.03594742,1.19314,1,1.19314,1
2017-09-01,1.04579653,1.19314,1,1.19314,1
2017-09-02,1.04579653,1.195135,1,1.195135,1
2017-09-03,1.04536906,1.19642,1,1.19642,1
2017-09-04,1.0497586,1.19703,1,1.19703,1
2017-09-05,1.04624403,1.189075,1,1.189075,1
2017-09-06,1.03745206,1.19102,1,1.19102,1
2017-09-07,1.04220953,1.185955,1,1.185955,1
2017-09-08,1.03631346,1.185955,1,1.185955,1
2017-09-09,1.03631346,1.18822,1,1.18822,1
2017-09-10,1.03648429,1.18925,1,1.18925,1
2017-09-11,1.04286166,1.192365,1,1.192365,1
2017-09-12,1.04865777,1.19265,1,1.19265,1
2017-09-13,1.04635351,1.20285,1,1.20285,1
2017-09-14,1.05296414,1.203535,1,1.203535,1
2017-09-15,1.0590977,1.203535,1,1.203535,1
2017-09-16,1.0590977,1.20176,1,1.20176,1
2017-09-17,1.0590977,1.19591,1,1.19591,1
2017-09-18,1.04580636,1.19715,1,1.19715,1
2017-09-19,1.04144975,1.18885,1,1.18885,1
2017-09-20,1.03777506,1.192105,1,1.192105,1
2017-09-21,1.04004165,1.19447,1,1.19447,1
2017-09-22,1.0419709,1.19447,1,1.19447,1
2017-09-23,1.0419709,1.193785,1,1.193785,1
2017-09-24,1.04199233,1.196015,1,1.196015,1
2017-09-25,1.03993349,1.19923,1,1.19923,1
2017-09-26,1.03906904,1.187245,1,1.187245,1
2017-09-27,1.02944209,1.194435,1,1.194435,1
2017-09-28,1.03050293,1.1951,1,1.1951,1
2017-09-29,1.0316727,1.1951,1,1.1951,1
2017-09-30,1.0316727,1.1926,1,1.1926,1
2017-10-01,1.03177883,1.1855,1,1.1855,1
2017-10-02,1.03476826,1.1784,1,1.1784,1
2017-10-03,1.03135318,1.17476,1,1.17476,1
2017-10-04,1.0287008,1.178125,1,1.178125,1
2017-10-05,1.03018445,1.18127,1,1.18127,1
2017-10-06,1.032927,1.18127,1,1.18127,1
2017-10-07,1.032927,1.18075,1,1.18075,1
2017-10-08,1.0330579,1.173145,1,1.173145,1
2017-10-09,1.02616731,1.17475,1,1.17475,1
2017-10-10,1.02764366,1.175695,1,1.175695,1
2017-10-11,1.02532559,1.171195,1,1.171195,1
2017-10-12,1.02218138,1.17305,1,1.17305,1
2017-10-13,1.02108293,1.17305,1,1.17305,1
2017-10-14,1.02108293,1.174245,1,1.174245,1
2017-10-15,1.02595675,1.17425,1,1.17425,1
2017-10-16,1.02072068,1.18139,1,1.18139,1
2017-10-17,1.02595675,1.18642,1,1.18642,1
2017-10-18,1.02764366,1.18308,1,1.18308,1
2017-10-19,1.02574627,1.18213,1,1.18213,1
2017-10-20,1.02611623,1.18213,1,1.18213,1
2017-10-21,1.02611623,1.18137,1,1.18137,1
2017-10-22,1.02616731,1.17945,1,1.17945,1
2017-10-23,1.02522047,1.177155,1,1.177155,1
2017-10-24,1.02259949,1.17955,1,1.17955,1
2017-10-25,1.01916026,1.184855,1,1.184855,1
2017-10-26,1.02427537,1.178545,1,1.178545,1
2017-10-27,1.01594177,1.178545,1,1.178545,1
2017-10-28,1.01594177,1.175445,1,1.175445,1
2017-10-29,1.01584726,1.1755,1,1.1755,1
2017-10-30,1.01564092,1.17594,1,1.17594,1
2017-10-31,1.00928547,1.18199,1,1.18199,1
2017-11-01,1.01122464,1.16365,1,1.16365,1
2017-11-02,1.00190366,1.16093,1,1.16093,1
2017-11-03,1.00133072,1.16093,1,1.16093,1
2017-11-04,1.00133072,1.16058,1,1.16058,1
2017-11-05,1.00270735,1.16517,1,1.16517,1
2017-11-06,1.00532828,1.16515,1,1.16515,1
2017-11-07,1.00230535,1.16295,1,1.16295,1
2017-11-08,0.99740679,1.16605,1,1.16605,1
2017-11-09,1.0006004,1.16195,1,1.16195,1
2017-11-10,0.99930053,1.16195,1,1.16195,1
2017-11-11,0.99930053,1.16144,1,1.16144,1
2017-11-12,0.99930053,1.161175,1,1.161175,1
2017-11-13,1.00210446,1.16011,1,1.16011,1
2017-11-14,1.00180329,1.15925,1,1.15925,1
2017-11-15,1.00010005,1.164645,1,1.164645,1
2017-11-16,1.00492417,1.16645,1,1.16645,1
2017-11-17,1.00398094,1.16645,1,1.16645,1
2017-11-18,1.00398094,1.16603,1,1.16603,1
2017-11-19,1.00492417,1.16645,1,1.16645,1
2017-11-20,1.00341164,1.17925,1,1.17925,1
2017-11-21,1.01050934,1.17825,1,1.17825,1
2017-11-22,1.0115315,1.17782,1,1.17782,1
2017-11-23,1.00644127,1.17915,1,1.17915,1
2017-11-24,1.01142919,1.17915,1,1.17915,1
2017-11-25,1.01142919,1.173155,1,1.173155,1
2017-11-26,1.01142919,1.17365,1,1.17365,1
2017-11-27,1.00694798,1.174115,1,1.174115,1
2017-11-28,1.00918361,1.181415,1,1.181415,1
2017-11-29,1.01812263,1.18505,1,1.18505,1
2017-11-30,1.01853743,1.1933,1,1.1933,1
2017-12-01,1.02096781,1.1933,1,1.1933,1
2017-12-02,1.02096781,1.192745,1,1.192745,1
2017-12-03,1.0206165,1.19065,1,1.19065,1
2017-12-04,1.01895256,1.184745,1,1.184745,1
2017-12-05,1.01595046,1.1852,1,1.1852,1
2017-12-06,1.01574408,1.18985,1,1.18985,1
2017-12-07,1.01626021,1.18955,1,1.18955,1
2017-12-08,1.02448524,1.18955,1,1.18955,1
2017-12-09,1.02448524,1.185775,1,1.185775,1
2017-12-10,1.02448524,1.186785,1,1.186785,1
2017-12-11,1.01553777,1.18305,1,1.18305,1
2017-12-12,1.01245322,1.1804,1,1.1804,1
2017-12-13,1.01071361,1.17723,1,1.17723,1
2017-12-14,1.00512619,1.1773,1,1.1773,1
2017-12-15,1.00735396,1.1773,1,1.1773,1
2017-12-16,1.00735396,1.176785,1,1.176785,1
2017-12-17,1.00735373,1.177665,1,1.177665,1
2017-12-18,1.00857291,1.17425,1,1.17425,1
2017-12-19,1.00836951,1.183575,1,1.183575,1
2017-12-20,1.01461043,1.177515,1,1.177515,1
2017-12-21,1.01102016,1.17495,1,1.17495,1
2017-12-22,1.0096024,1.17495,1,1.17495,1
2017-12-23,1.0096024,1.174325,1,1.174325,1
2017-12-24,1.00928547,1.17855,1,1.17855,1
2017-12-25,1.01440459,1.183705,1,1.183705,1
2017-12-26,1.01471339,1.18775,1,1.18775,1
2017-12-27,1.01389034,1.18535,1,1.18535,1
2017-12-28,1.01142919,1.18625,1,1.18625,1
2017-12-29,1.0112565,1.18625,1,1.18625,1
2017-12-30,1.0112565,1.18615,1,1.18615,1
2017-12-31,1.01142919,1.18715,1,1.18715,1
2018-01-01,1.01091796,1.18573,1,1.18573,1
2018-01-02,1.01040724,1.19004,1,1.19004,1
2018-01-03,1.01440459,1.19394,1,1.19394,1
2018-01-04,1.02155485,1.200515,1,1.200515,1
2018-01-05,1.02609547,1.200515,1,1.200515,1
2018-01-06,1.02609547,1.20025,1,1.20025,1
2018-01-07,1.02595675,1.20125,1,1.20125,1
2018-01-08,1.02933613,1.20635,1,1.20635,1
2018-01-09,1.02333201,1.2011,1,1.2011,1
2018-01-10,1.02606202,1.20666,1,1.20666,1
2018-01-11,1.0259253,1.202875,1,1.202875,1
2018-01-12,1.0259253,1.202875,1,1.202875,1
2018-01-13,1.02606202,1.20371,1,1.20371,1
2018-01-14,1.02312262,1.19701,1,1.19701,1
2018-01-15,1.01626021,1.19285,1,1.19285,1
2018-01-16,1.02280868,1.19562,1,1.19562,1
2018-01-17,1.02490524,1.20445,1,1.20445,1
2018-01-18,1.03344763,1.21985,1,1.21985,1
2018-01-19,1.03344763,1.21985,1,1.21985,1
2018-01-20,1.03359178,1.219215,1,1.219215,1
2018-01-21,1.0379905,1.226705,1,1.226705,1
2018-01-22,1.04242682,1.22695,1,1.22695,1
2018-01-23,1.03584011,1.21796,1,1.21796,1
2018-01-24,1.04286166,1.22349,1,1.22349,1
2018-01-25,1.04329687,1.22425,1,1.22425,1
2018-01-26,1.06190936,1.239145,1,1.239145,1
2018-01-27,1.07195155,1.2427,1,1.2427,1
2018-01-28,1.07195155,1.2427,1,1.2427,1
2018-01-29,1.07227112,1.243065,1,1.243065,1
2018-01-30,1.06655295,1.23815,1,1.23815,1
2018-01-31,1.06997651,1.24105,1,1.24105,1
2018-02-01,1.07365262,1.24175,1,1.24175,1
2018-02-02,1.08003029,1.25094,1,1.25094,1
2018-02-03,1.07378065,1.24581,1,1.24581,1
2018-02-04,1.07378065,1.24581,1,1.24581,1
2018-02-05,1.07388322,1.244635,1,1.244635,1
2018-02-06,1.07353736,1.23662,1,1.23662,1
2018-02-07,1.06814788,1.237985,1,1.237985,1
2018-02-08,1.0606704,1.227005,1,1.227005,1
2018-02-09,1.06917572,1.22595,1,1.22595,1
2018-02-10,1.06465741,1.225155,1,1.225155,1
2018-02-11,1.06465741,1.225155,1,1.225155,1
2018-02-12,1.06450931,1.22524,1,1.22524,1
2018-02-13,1.0650762,1.23002,1,1.23002,1
2018-02-14,1.06929004,1.23535,1,1.23535,1
2018-02-15,1.07816717,1.24684,1,1.24684,1
2018-02-16,1.08448113,1.25055,1,1.25055,1
2018-02-17,1.08133266,1.24053,1,1.24053,1
2018-02-18,1.08133266,1.24053,1,1.24053,1
2018-02-19,1.07584728,1.240005,1,1.240005,1
2018-02-20,1.0680338,1.23345,1,1.23345,1
2018-02-21,1.06518966,1.228125,1,1.228125,1
2018-02-22,1.07158171,1.23265,1,1.23265,1
2018-02-23,1.06826288,1.22953,1,1.22953,1
2018-02-24,1.06826288,1.22953,1,1.22953,1
2018-02-25,1.06791974,1.22877,1,1.22877,1
2018-02-26,1.06530313,1.231555,1,1.231555,1
2018-02-27,1.06462264,1.22265,1,1.22265,1
2018-02-28,1.05887341,1.21915,1,1.21915,1
2018-03-01,1.06190936,1.22725,1,1.22725,1
2018-03-02,1.06687217,1.23174,1,1.23174,1
2018-03-03,1.06687217,1.23174,1,1.23174,1
2018-03-04,1.06609813,1.23168,1,1.23168,1
2018-03-05,1.06405623,1.233665,1,1.233665,1
